GID,email,IsActive,createdAt,createdBy,modifiedAt,modifiedBy
Z000268E,,true,2026-08-20T00:00:00Z,admin,2026-08-20T00:00:00Z,admin
Z0014WKT,,true,2026-08-20T00:00:00Z,admin,2026-08-20T00:00:00Z,admin
Z001WYDU,,true,2026-08-20T00:00:00Z,admin,2026-08-20T00:00:00Z,admin
Z0022MPU,,true,2026-08-20T00:00:00Z,admin,2026-08-20T00:00:00Z,admin
Z0028XMJ,,true,2026-08-20T00:00:00Z,admin,2026-08-20T00:00:00Z,admin
Z002JB9N,,true,2026-08-20T00:00:00Z,admin,2026-08-20T00:00:00Z,admin
Z002M9XR,,true,2026-08-20T00:00:00Z,admin,2026-08-20T00:00:00Z,admin
Z002Z66N,,true,2026-08-20T00:00:00Z,admin,2026-08-20T00:00:00Z,admin
Z002ZJEH,,true,2026-08-20T00:00:00Z,admin,2026-08-20T00:00:00Z,admin
Z0030F0C,,true,2026-08-20T00:00:00Z,admin,2026-08-20T00:00:00Z,admin
Z0033TXK,,true,2026-08-20T00:00:00Z,admin,2026-08-20T00:00:00Z,admin
Z0035U0T,,true,2026-08-20T00:00:00Z,admin,2026-08-20T00:00:00Z,admin
Z00360RB,,true,2026-08-20T00:00:00Z,admin,2026-08-20T00:00:00Z,admin
Z00366PH,,true,2026-08-20T00:00:00Z,admin,2026-08-20T00:00:00Z,admin
Z0037XDV,,true,2026-08-20T00:00:00Z,admin,2026-08-20T00:00:00Z,admin
Z0038CKV,,true,2026-08-20T00:00:00Z,admin,2026-08-20T00:00:00Z,admin
Z0039MYX,,true,2026-08-20T00:00:00Z,admin,2026-08-20T00:00:00Z,admin
Z003RN6R,,true,2026-08-20T00:00:00Z,admin,2026-08-20T00:00:00Z,admin
Z0046D7W,,true,2026-08-20T00:00:00Z,admin,2026-08-20T00:00:00Z,admin
Z0047WTV,,true,2026-08-20T00:00:00Z,admin,2026-08-20T00:00:00Z,admin
Z0049ETY,,true,2026-08-20T00:00:00Z,admin,2026-08-20T00:00:00Z,admin
Z004FUJT,,true,2026-08-20T00:00:00Z,admin,2026-08-20T00:00:00Z,admin
Z004TAMU,,true,2026-08-20T00:00:00Z,admin,2026-08-20T00:00:00Z,admin
Z004XVAB,,true,2026-08-20T00:00:00Z,admin,2026-08-20T00:00:00Z,admin
Z004XVAC,,true,2026-08-20T00:00:00Z,admin,2026-08-20T00:00:00Z,admin
Z004YK1R,,true,2026-08-20T00:00:00Z,admin,2026-08-20T00:00:00Z,admin
Z004Z7ZE,,true,2026-08-20T00:00:00Z,admin,2026-08-20T00:00:00Z,admin
Z004Z8HY,,true,2026-08-20T00:00:00Z,admin,2026-08-20T00:00:00Z,admin
Z00503ZF,,true,2026-08-20T00:00:00Z,admin,2026-08-20T00:00:00Z,admin
Z0051EJU,,true,2026-08-20T00:00:00Z,admin,2026-08-20T00:00:00Z,admin
Z0052TYP,,true,2026-08-20T00:00:00Z,admin,2026-08-20T00:00:00Z,admin
Z00531DY,,true,2026-08-20T00:00:00Z,admin,2026-08-20T00:00:00Z,admin
Z00531ED,,true,2026-08-20T00:00:00Z,admin,2026-08-20T00:00:00Z,admin
Z0053X3Z,,true,2026-08-20T00:00:00Z,admin,2026-08-20T00:00:00Z,admin
Z0054KNE,,true,2026-08-20T00:00:00Z,admin,2026-08-20T00:00:00Z,admin
Z00578UN,,true,2026-08-20T00:00:00Z,admin,2026-08-20T00:00:00Z,admin
Z00580YJ,,true,2026-08-20T00:00:00Z,admin,2026-08-20T00:00:00Z,admin
Z005989N,,true,2026-08-20T00:00:00Z,admin,2026-08-20T00:00:00Z,admin
Z0059DWT,,true,2026-08-20T00:00:00Z,admin,2026-08-20T00:00:00Z,admin
Z0059DYC,,true,2026-08-20T00:00:00Z,admin,2026-08-20T00:00:00Z,admin
